{"cameraMode":{"drawMode":0,"name":"Shaded","section":"Shading Mode"},"sceneLighting":true,"audioPlay":false,"sceneViewState":{"m_AlwaysRefresh":false,"showFog":true,"showSkybox":true,"showFlares":true,"showImageEffects":true,"showParticleSystems":true,"showVisualEffectGraphs":true,"m_FxEnabled":true},"in2DMode":false,"pivot":{"x":-0.5209939479827881,"y":2.9470105171203615,"z":12.370636940002442},"rotation":{"x":-0.10814554989337921,"y":-0.6977710127830505,"z":0.10782065987586975,"w":-0.6998603343963623},"size":4.3987860679626469,"orthographic":false}